iter,R,remLev,refresh,objective,elapsed_s
0,0.5,9,0,17.603468,136.432
1,0.5,15,1,155301.309784,247.698
2,0.5,15,0,ABORT,247.705
